2,miejsce,0,0,opis,1
6,Sajgon,51.23412675970709,22.54316833241945,Kurczak po tajsku,1
11,Stokrotka,51.21663215083339,22.579967771264005,Lublin ul.Kunickiego,2
12,Kebab,51.228203438026384,22.53000056469681,Skarpa,2
13,Park,51.23606059896596,22.539794288448633,Globus,2
14,Politechnika,51.23547163482747,22.550362530772652,Uczelnia,2
3,Zalew zemborzycki,51.178375,22.539021,string,1
1,Park Ludowy,51.235716,22.56138,"Drzewa, ławeczki",1
10,Miejsce,51.234856,22.544899,miejsce,1
